{"franka_0": [-1.149999976158142, 7.552999973297119, 0.7799999713897705, 0.0, 0.0, 0.0, 1.0], "aliengo_0": [2.3499999046325684, 7.0, 0.4000000059604645, 0.0, 0.0, 1.0, 0.0, 2.1500000953674316, 7.0, 0.4599999487400055, 0.0, 0.0, 1.0, 6.123233995736766e-17], "quadrotor_0": [-0.6499999761581421, 7.420000076293945, 0.8299999833106995, 0.0, 0.0, 1.0, 0.0], "door_duymuw_0": [1.7745543718338013, 2.3250746726989746, 1.1510995626449585, 0.0, 0.0, 0.707106782373095, 0.70710678], "door_duymuw_1": [0.6894515156745911, 2.3250746726989746, 1.1510995626449585, 0.0, 0.0, 0.707106782373095, 0.70710678], "apple_agveuv_0": [-0.5315181612968445, 7.780625343322754, 0.9611974954605103, 0.0, 0.0, 0.0, 1.0], "orange_nlygru_0": [3.5979461669921875, 7.5694, 0.43435, 0.0, 0.0, 0.0, 1.0], "wicker_basket_dgkhyn_0": [-0.55, 7.78176, 0.81639, 0.0, 0.0, 0.0, 1.0]}